{
    "shapes": [
        {
            "id": 0,
            "label": 67,
            "color": "orange",
            "type": "circle",
            "below": []
        },
        {
            "id": 1,
            "label": 16,
            "color": "magenta",
            "type": "triangle",
            "below": []
        },
        {
            "id": 2,
            "label": 15,
            "color": "purple",
            "type": "rectangle",
            "below": [
                0
            ]
        },
        {
            "id": 3,
            "label": 13,
            "color": "blue",
            "type": "rectangle",
            "below": [
                0,
                1
            ]
        },
        {
            "id": 4,
            "label": 2,
            "color": "red",
            "type": "rectangle",
            "below": [
                0,
                3
            ]
        },
        {
            "id": 5,
            "label": 73,
            "color": "brown",
            "type": "triangle",
            "below": [
                2
            ]
        }
    ],
    "bg": null,
    "labels": [
        67,
        16,
        15,
        13,
        2,
        73
    ]
}