{
    "shapes": [
        {
            "id": 0,
            "label": 16,
            "color": "yellow",
            "type": "circle",
            "below": []
        },
        {
            "id": 1,
            "label": 2,
            "color": "brown",
            "type": "rectangle",
            "below": [
                0
            ]
        },
        {
            "id": 2,
            "label": 94,
            "color": "red",
            "type": "triangle",
            "below": [
                0
            ]
        },
        {
            "id": 3,
            "label": 12,
            "color": "purple",
            "type": "rectangle",
            "below": []
        },
        {
            "id": 4,
            "label": 58,
            "color": "cyan",
            "type": "rectangle",
            "below": [
                1,
                3
            ]
        }
    ],
    "bg": null,
    "labels": [
        16,
        2,
        94,
        12,
        58
    ]
}