{
    "shapes": [
        {
            "id": 0,
            "label": 93,
            "color": "purple",
            "type": "circle",
            "below": []
        },
        {
            "id": 1,
            "label": 73,
            "color": "gray",
            "type": "rectangle",
            "below": []
        },
        {
            "id": 2,
            "label": 64,
            "color": "brown",
            "type": "triangle",
            "below": [
                0
            ]
        },
        {
            "id": 3,
            "label": 21,
            "color": "red",
            "type": "rectangle",
            "below": [
                0,
                1
            ]
        },
        {
            "id": 4,
            "label": 98,
            "color": "magenta",
            "type": "circle",
            "below": [
                1,
                2,
                3
            ]
        }
    ],
    "bg": null,
    "labels": [
        93,
        73,
        64,
        21,
        98
    ]
}