{
    "shapes": [
        {
            "id": 0,
            "label": 13,
            "color": "blue",
            "type": "circle",
            "below": []
        },
        {
            "id": 1,
            "label": 24,
            "color": "brown",
            "type": "circle",
            "below": [
                0
            ]
        },
        {
            "id": 2,
            "label": 4,
            "color": "purple",
            "type": "rectangle",
            "below": [
                0,
                1
            ]
        }
    ],
    "bg": null,
    "labels": [
        13,
        24,
        4
    ]
}