{
    "shapes": [
        {
            "id": 0,
            "label": 59,
            "color": "red",
            "type": "rectangle",
            "below": []
        },
        {
            "id": 1,
            "label": 28,
            "color": "orange",
            "type": "rectangle",
            "below": [
                0
            ]
        },
        {
            "id": 2,
            "label": 86,
            "color": "cyan",
            "type": "triangle",
            "below": []
        },
        {
            "id": 3,
            "label": 56,
            "color": "brown",
            "type": "rectangle",
            "below": [
                0
            ]
        },
        {
            "id": 4,
            "label": 57,
            "color": "blue",
            "type": "circle",
            "below": [
                1,
                2
            ]
        },
        {
            "id": 5,
            "label": 42,
            "color": "yellow",
            "type": "rectangle",
            "below": [
                0,
                3
            ]
        }
    ],
    "bg": null,
    "labels": [
        59,
        28,
        86,
        56,
        57,
        42
    ]
}