{
    "shapes": [
        {
            "id": 0,
            "label": 12,
            "color": "purple",
            "type": "rectangle",
            "below": []
        },
        {
            "id": 1,
            "label": 5,
            "color": "green",
            "type": "circle",
            "below": [
                0
            ]
        },
        {
            "id": 2,
            "label": 82,
            "color": "blue",
            "type": "circle",
            "below": [
                1
            ]
        }
    ],
    "bg": null,
    "labels": [
        12,
        5,
        82
    ]
}