{
    "shapes": [
        {
            "id": 0,
            "label": 23,
            "color": "cyan",
            "type": "circle",
            "below": []
        },
        {
            "id": 1,
            "label": 90,
            "color": "yellow",
            "type": "triangle",
            "below": [
                0
            ]
        },
        {
            "id": 2,
            "label": 7,
            "color": "gray",
            "type": "triangle",
            "below": [
                0,
                1
            ]
        },
        {
            "id": 3,
            "label": 39,
            "color": "red",
            "type": "triangle",
            "below": [
                0,
                1,
                2
            ]
        },
        {
            "id": 4,
            "label": 21,
            "color": "magenta",
            "type": "rectangle",
            "below": [
                0,
                2
            ]
        }
    ],
    "bg": null,
    "labels": [
        23,
        90,
        7,
        39,
        21
    ]
}