{
    "shapes": [
        {
            "id": 0,
            "label": 86,
            "color": "cyan",
            "type": "triangle",
            "below": []
        },
        {
            "id": 1,
            "label": 66,
            "color": "orange",
            "type": "rectangle",
            "below": [
                0
            ]
        },
        {
            "id": 2,
            "label": 27,
            "color": "magenta",
            "type": "triangle",
            "below": [
                0,
                1
            ]
        }
    ],
    "bg": null,
    "labels": [
        86,
        66,
        27
    ]
}