{
    "shapes": [
        {
            "id": 0,
            "label": 51,
            "color": "red",
            "type": "circle",
            "below": []
        },
        {
            "id": 1,
            "label": 37,
            "color": "magenta",
            "type": "circle",
            "below": [
                0
            ]
        },
        {
            "id": 2,
            "label": 47,
            "color": "gray",
            "type": "triangle",
            "below": [
                0,
                1
            ]
        }
    ],
    "bg": null,
    "labels": [
        51,
        37,
        47
    ]
}