{
    "shapes": [
        {
            "id": 0,
            "label": 48,
            "color": "gray",
            "type": "rectangle",
            "below": []
        },
        {
            "id": 1,
            "label": 37,
            "color": "magenta",
            "type": "rectangle",
            "below": [
                0
            ]
        },
        {
            "id": 2,
            "label": 32,
            "color": "brown",
            "type": "rectangle",
            "below": [
                1
            ]
        },
        {
            "id": 3,
            "label": 24,
            "color": "red",
            "type": "circle",
            "below": [
                0,
                1,
                2
            ]
        }
    ],
    "bg": null,
    "labels": [
        48,
        37,
        32,
        24
    ]
}