{
    "shapes": [
        {
            "id": 0,
            "label": 64,
            "color": "brown",
            "type": "circle",
            "below": []
        },
        {
            "id": 1,
            "label": 35,
            "color": "blue",
            "type": "circle",
            "below": []
        },
        {
            "id": 2,
            "label": 96,
            "color": "purple",
            "type": "circle",
            "below": []
        },
        {
            "id": 3,
            "label": 99,
            "color": "red",
            "type": "circle",
            "below": [
                0,
                2
            ]
        },
        {
            "id": 4,
            "label": 45,
            "color": "gray",
            "type": "triangle",
            "below": [
                0,
                1
            ]
        },
        {
            "id": 5,
            "label": 91,
            "color": "cyan",
            "type": "triangle",
            "below": [
                0,
                3
            ]
        }
    ],
    "bg": null,
    "labels": [
        64,
        35,
        96,
        99,
        45,
        91
    ]
}