{
    "shapes": [
        {
            "id": 0,
            "label": 33,
            "color": "red",
            "type": "triangle",
            "below": []
        },
        {
            "id": 1,
            "label": 51,
            "color": "magenta",
            "type": "triangle",
            "below": []
        },
        {
            "id": 2,
            "label": 40,
            "color": "blue",
            "type": "rectangle",
            "below": [
                0,
                1
            ]
        }
    ],
    "bg": null,
    "labels": [
        33,
        51,
        40
    ]
}