{
    "shapes": [
        {
            "id": 0,
            "label": 90,
            "color": "yellow",
            "type": "triangle",
            "below": []
        },
        {
            "id": 1,
            "label": 54,
            "color": "purple",
            "type": "triangle",
            "below": [
                0
            ]
        },
        {
            "id": 2,
            "label": 58,
            "color": "green",
            "type": "rectangle",
            "below": [
                1
            ]
        },
        {
            "id": 3,
            "label": 87,
            "color": "gray",
            "type": "rectangle",
            "below": [
                1,
                2
            ]
        },
        {
            "id": 4,
            "label": 60,
            "color": "red",
            "type": "circle",
            "below": [
                3
            ]
        },
        {
            "id": 5,
            "label": 88,
            "color": "blue",
            "type": "circle",
            "below": [
                4
            ]
        }
    ],
    "bg": null,
    "labels": [
        90,
        54,
        58,
        87,
        60,
        88
    ]
}