{
    "shapes": [
        {
            "id": 0,
            "label": 56,
            "color": "cyan",
            "type": "triangle",
            "below": []
        },
        {
            "id": 1,
            "label": 62,
            "color": "blue",
            "type": "rectangle",
            "below": []
        },
        {
            "id": 2,
            "label": 21,
            "color": "magenta",
            "type": "circle",
            "below": []
        },
        {
            "id": 3,
            "label": 31,
            "color": "green",
            "type": "circle",
            "below": [
                0,
                1
            ]
        },
        {
            "id": 4,
            "label": 39,
            "color": "yellow",
            "type": "triangle",
            "below": [
                1,
                2
            ]
        }
    ],
    "bg": null,
    "labels": [
        56,
        62,
        21,
        31,
        39
    ]
}