{
    "shapes": [
        {
            "id": 0,
            "label": 14,
            "color": "orange",
            "type": "circle",
            "below": []
        },
        {
            "id": 1,
            "label": 36,
            "color": "magenta",
            "type": "triangle",
            "below": []
        },
        {
            "id": 2,
            "label": 94,
            "color": "red",
            "type": "triangle",
            "below": [
                1
            ]
        },
        {
            "id": 3,
            "label": 88,
            "color": "green",
            "type": "triangle",
            "below": [
                1,
                2
            ]
        },
        {
            "id": 4,
            "label": 35,
            "color": "purple",
            "type": "triangle",
            "below": [
                0,
                3
            ]
        },
        {
            "id": 5,
            "label": 61,
            "color": "gray",
            "type": "triangle",
            "below": [
                1
            ]
        }
    ],
    "bg": null,
    "labels": [
        14,
        36,
        94,
        88,
        35,
        61
    ]
}