{
    "shapes": [
        {
            "id": 0,
            "label": 30,
            "color": "cyan",
            "type": "triangle",
            "below": []
        },
        {
            "id": 1,
            "label": 61,
            "color": "green",
            "type": "rectangle",
            "below": [
                0
            ]
        },
        {
            "id": 2,
            "label": 91,
            "color": "orange",
            "type": "triangle",
            "below": []
        },
        {
            "id": 3,
            "label": 74,
            "color": "magenta",
            "type": "triangle",
            "below": [
                0
            ]
        },
        {
            "id": 4,
            "label": 71,
            "color": "purple",
            "type": "circle",
            "below": [
                2
            ]
        },
        {
            "id": 5,
            "label": 70,
            "color": "gray",
            "type": "triangle",
            "below": [
                1,
                2
            ]
        }
    ],
    "bg": null,
    "labels": [
        30,
        61,
        91,
        74,
        71,
        70
    ]
}