{
    "shapes": [
        {
            "id": 0,
            "label": 55,
            "color": "magenta",
            "type": "rectangle",
            "below": []
        },
        {
            "id": 1,
            "label": 82,
            "color": "purple",
            "type": "triangle",
            "below": []
        },
        {
            "id": 2,
            "label": 16,
            "color": "green",
            "type": "rectangle",
            "below": [
                1
            ]
        },
        {
            "id": 3,
            "label": 39,
            "color": "yellow",
            "type": "rectangle",
            "below": [
                0,
                1
            ]
        },
        {
            "id": 4,
            "label": 38,
            "color": "cyan",
            "type": "circle",
            "below": [
                2
            ]
        }
    ],
    "bg": null,
    "labels": [
        55,
        82,
        16,
        39,
        38
    ]
}