{
    "shapes": [
        {
            "id": 0,
            "label": 45,
            "color": "brown",
            "type": "circle",
            "below": []
        },
        {
            "id": 1,
            "label": 80,
            "color": "red",
            "type": "circle",
            "below": []
        },
        {
            "id": 2,
            "label": 9,
            "color": "gray",
            "type": "rectangle",
            "below": [
                1
            ]
        },
        {
            "id": 3,
            "label": 20,
            "color": "yellow",
            "type": "triangle",
            "below": [
                0,
                1
            ]
        }
    ],
    "bg": null,
    "labels": [
        45,
        80,
        9,
        20
    ]
}