{
    "shapes": [
        {
            "id": 0,
            "label": 19,
            "color": "orange",
            "type": "triangle",
            "below": []
        },
        {
            "id": 1,
            "label": 62,
            "color": "magenta",
            "type": "rectangle",
            "below": [
                0
            ]
        },
        {
            "id": 2,
            "label": 53,
            "color": "purple",
            "type": "triangle",
            "below": [
                1
            ]
        },
        {
            "id": 3,
            "label": 99,
            "color": "brown",
            "type": "triangle",
            "below": []
        },
        {
            "id": 4,
            "label": 93,
            "color": "green",
            "type": "circle",
            "below": [
                0,
                3
            ]
        }
    ],
    "bg": null,
    "labels": [
        19,
        62,
        53,
        99,
        93
    ]
}