{
    "shapes": [
        {
            "id": 0,
            "label": 29,
            "color": "purple",
            "type": "rectangle",
            "below": []
        },
        {
            "id": 1,
            "label": 59,
            "color": "brown",
            "type": "triangle",
            "below": [
                0
            ]
        },
        {
            "id": 2,
            "label": 49,
            "color": "gray",
            "type": "triangle",
            "below": [
                0
            ]
        }
    ],
    "bg": null,
    "labels": [
        29,
        59,
        49
    ]
}