{
    "shapes": [
        {
            "id": 0,
            "label": 61,
            "color": "cyan",
            "type": "triangle",
            "below": []
        },
        {
            "id": 1,
            "label": 18,
            "color": "yellow",
            "type": "rectangle",
            "below": [
                0
            ]
        },
        {
            "id": 2,
            "label": 66,
            "color": "magenta",
            "type": "circle",
            "below": []
        },
        {
            "id": 3,
            "label": 75,
            "color": "brown",
            "type": "rectangle",
            "below": [
                2
            ]
        },
        {
            "id": 4,
            "label": 20,
            "color": "green",
            "type": "circle",
            "below": [
                1
            ]
        },
        {
            "id": 5,
            "label": 29,
            "color": "blue",
            "type": "triangle",
            "below": [
                3,
                4
            ]
        },
        {
            "id": 6,
            "label": 67,
            "color": "red",
            "type": "circle",
            "below": [
                4,
                5
            ]
        }
    ],
    "bg": null,
    "labels": [
        61,
        18,
        66,
        75,
        20,
        29,
        67
    ]
}