{
    "shapes": [
        {
            "id": 0,
            "label": 46,
            "color": "brown",
            "type": "circle",
            "below": []
        },
        {
            "id": 1,
            "label": 73,
            "color": "yellow",
            "type": "rectangle",
            "below": []
        },
        {
            "id": 2,
            "label": 30,
            "color": "blue",
            "type": "circle",
            "below": [
                1
            ]
        },
        {
            "id": 3,
            "label": 28,
            "color": "orange",
            "type": "triangle",
            "below": [
                1
            ]
        },
        {
            "id": 4,
            "label": 81,
            "color": "red",
            "type": "rectangle",
            "below": [
                0,
                3
            ]
        },
        {
            "id": 5,
            "label": 32,
            "color": "magenta",
            "type": "triangle",
            "below": [
                0,
                2
            ]
        },
        {
            "id": 6,
            "label": 35,
            "color": "gray",
            "type": "circle",
            "below": [
                0,
                5
            ]
        }
    ],
    "bg": null,
    "labels": [
        46,
        73,
        30,
        28,
        81,
        32,
        35
    ]
}