{
    "shapes": [
        {
            "id": 0,
            "label": 7,
            "color": "magenta",
            "type": "rectangle",
            "below": []
        },
        {
            "id": 1,
            "label": 84,
            "color": "purple",
            "type": "circle",
            "below": []
        },
        {
            "id": 2,
            "label": 79,
            "color": "green",
            "type": "triangle",
            "below": [
                1
            ]
        },
        {
            "id": 3,
            "label": 58,
            "color": "blue",
            "type": "rectangle",
            "below": [
                0
            ]
        },
        {
            "id": 4,
            "label": 4,
            "color": "gray",
            "type": "triangle",
            "below": [
                0,
                1,
                2,
                3
            ]
        }
    ],
    "bg": null,
    "labels": [
        7,
        84,
        79,
        58,
        4
    ]
}