{
    "shapes": [
        {
            "id": 0,
            "label": 67,
            "color": "brown",
            "type": "triangle",
            "below": []
        },
        {
            "id": 1,
            "label": 95,
            "color": "green",
            "type": "circle",
            "below": [
                0
            ]
        },
        {
            "id": 2,
            "label": 14,
            "color": "gray",
            "type": "circle",
            "below": [
                0,
                1
            ]
        }
    ],
    "bg": null,
    "labels": [
        67,
        95,
        14
    ]
}