{
    "shapes": [
        {
            "id": 0,
            "label": 67,
            "color": "cyan",
            "type": "rectangle",
            "below": []
        },
        {
            "id": 1,
            "label": 45,
            "color": "green",
            "type": "triangle",
            "below": [
                0
            ]
        },
        {
            "id": 2,
            "label": 73,
            "color": "magenta",
            "type": "triangle",
            "below": [
                0
            ]
        }
    ],
    "bg": null,
    "labels": [
        67,
        45,
        73
    ]
}