{
    "shapes": [
        {
            "id": 0,
            "label": 86,
            "color": "green",
            "type": "rectangle",
            "below": []
        },
        {
            "id": 1,
            "label": 93,
            "color": "purple",
            "type": "rectangle",
            "below": [
                0
            ]
        },
        {
            "id": 2,
            "label": 38,
            "color": "red",
            "type": "triangle",
            "below": [
                0,
                1
            ]
        }
    ],
    "bg": null,
    "labels": [
        86,
        93,
        38
    ]
}