{
    "shapes": [
        {
            "id": 0,
            "label": 25,
            "color": "magenta",
            "type": "triangle",
            "below": []
        },
        {
            "id": 1,
            "label": 60,
            "color": "orange",
            "type": "rectangle",
            "below": []
        },
        {
            "id": 2,
            "label": 82,
            "color": "blue",
            "type": "rectangle",
            "below": [
                0
            ]
        },
        {
            "id": 3,
            "label": 70,
            "color": "red",
            "type": "triangle",
            "below": [
                2
            ]
        },
        {
            "id": 4,
            "label": 51,
            "color": "yellow",
            "type": "triangle",
            "below": [
                0,
                1
            ]
        },
        {
            "id": 5,
            "label": 62,
            "color": "cyan",
            "type": "triangle",
            "below": [
                1
            ]
        }
    ],
    "bg": null,
    "labels": [
        25,
        60,
        82,
        70,
        51,
        62
    ]
}