{
    "shapes": [
        {
            "id": 0,
            "label": 17,
            "color": "brown",
            "type": "circle",
            "below": []
        },
        {
            "id": 1,
            "label": 36,
            "color": "blue",
            "type": "triangle",
            "below": []
        },
        {
            "id": 2,
            "label": 41,
            "color": "magenta",
            "type": "rectangle",
            "below": []
        },
        {
            "id": 3,
            "label": 24,
            "color": "green",
            "type": "circle",
            "below": [
                0
            ]
        },
        {
            "id": 4,
            "label": 21,
            "color": "cyan",
            "type": "circle",
            "below": [
                1,
                2
            ]
        },
        {
            "id": 5,
            "label": 90,
            "color": "yellow",
            "type": "circle",
            "below": [
                1,
                3
            ]
        },
        {
            "id": 6,
            "label": 19,
            "color": "red",
            "type": "triangle",
            "below": [
                0,
                3,
                5
            ]
        }
    ],
    "bg": null,
    "labels": [
        17,
        36,
        41,
        24,
        21,
        90,
        19
    ]
}