{
    "shapes": [
        {
            "id": 0,
            "label": 94,
            "color": "orange",
            "type": "rectangle",
            "below": []
        },
        {
            "id": 1,
            "label": 88,
            "color": "gray",
            "type": "triangle",
            "below": []
        },
        {
            "id": 2,
            "label": 93,
            "color": "magenta",
            "type": "circle",
            "below": [
                0,
                1
            ]
        },
        {
            "id": 3,
            "label": 43,
            "color": "cyan",
            "type": "circle",
            "below": [
                0,
                2
            ]
        },
        {
            "id": 4,
            "label": 49,
            "color": "green",
            "type": "rectangle",
            "below": [
                0,
                2,
                3
            ]
        }
    ],
    "bg": null,
    "labels": [
        94,
        88,
        93,
        43,
        49
    ]
}