{
    "shapes": [
        {
            "id": 0,
            "label": 14,
            "color": "yellow",
            "type": "circle",
            "below": []
        },
        {
            "id": 1,
            "label": 46,
            "color": "orange",
            "type": "rectangle",
            "below": []
        },
        {
            "id": 2,
            "label": 89,
            "color": "green",
            "type": "circle",
            "below": []
        },
        {
            "id": 3,
            "label": 55,
            "color": "purple",
            "type": "triangle",
            "below": [
                1,
                2
            ]
        },
        {
            "id": 4,
            "label": 37,
            "color": "gray",
            "type": "rectangle",
            "below": [
                0,
                2
            ]
        },
        {
            "id": 5,
            "label": 65,
            "color": "blue",
            "type": "circle",
            "below": [
                0,
                4
            ]
        },
        {
            "id": 6,
            "label": 45,
            "color": "brown",
            "type": "rectangle",
            "below": [
                1,
                2,
                3,
                4,
                5
            ]
        }
    ],
    "bg": null,
    "labels": [
        14,
        46,
        89,
        55,
        37,
        65,
        45
    ]
}