{
    "shapes": [
        {
            "id": 0,
            "label": 91,
            "color": "red",
            "type": "rectangle",
            "below": []
        },
        {
            "id": 1,
            "label": 56,
            "color": "blue",
            "type": "triangle",
            "below": [
                0
            ]
        },
        {
            "id": 2,
            "label": 45,
            "color": "purple",
            "type": "circle",
            "below": [
                1
            ]
        }
    ],
    "bg": null,
    "labels": [
        91,
        56,
        45
    ]
}