{
    "shapes": [
        {
            "id": 0,
            "label": 59,
            "color": "brown",
            "type": "circle",
            "below": []
        },
        {
            "id": 1,
            "label": 77,
            "color": "yellow",
            "type": "triangle",
            "below": [
                0
            ]
        },
        {
            "id": 2,
            "label": 6,
            "color": "green",
            "type": "triangle",
            "below": [
                1
            ]
        },
        {
            "id": 3,
            "label": 41,
            "color": "purple",
            "type": "circle",
            "below": [
                2
            ]
        }
    ],
    "bg": null,
    "labels": [
        59,
        77,
        6,
        41
    ]
}