{
    "shapes": [
        {
            "id": 0,
            "label": 38,
            "color": "cyan",
            "type": "rectangle",
            "below": []
        },
        {
            "id": 1,
            "label": 79,
            "color": "orange",
            "type": "triangle",
            "below": [
                0
            ]
        },
        {
            "id": 2,
            "label": 59,
            "color": "yellow",
            "type": "triangle",
            "below": []
        },
        {
            "id": 3,
            "label": 48,
            "color": "blue",
            "type": "rectangle",
            "below": [
                1,
                2
            ]
        }
    ],
    "bg": null,
    "labels": [
        38,
        79,
        59,
        48
    ]
}