{
    "shapes": [
        {
            "id": 0,
            "label": 30,
            "color": "green",
            "type": "circle",
            "below": []
        },
        {
            "id": 1,
            "label": 10,
            "color": "gray",
            "type": "circle",
            "below": [
                0
            ]
        },
        {
            "id": 2,
            "label": 15,
            "color": "magenta",
            "type": "triangle",
            "below": [
                0
            ]
        }
    ],
    "bg": null,
    "labels": [
        30,
        10,
        15
    ]
}