{
    "shapes": [
        {
            "id": 0,
            "label": 66,
            "color": "gray",
            "type": "triangle",
            "below": []
        },
        {
            "id": 1,
            "label": 57,
            "color": "magenta",
            "type": "circle",
            "below": [
                0
            ]
        },
        {
            "id": 2,
            "label": 78,
            "color": "blue",
            "type": "rectangle",
            "below": [
                1
            ]
        },
        {
            "id": 3,
            "label": 73,
            "color": "purple",
            "type": "rectangle",
            "below": [
                0
            ]
        },
        {
            "id": 4,
            "label": 93,
            "color": "cyan",
            "type": "triangle",
            "below": [
                0,
                1,
                2,
                3
            ]
        }
    ],
    "bg": null,
    "labels": [
        66,
        57,
        78,
        73,
        93
    ]
}