{
    "shapes": [
        {
            "id": 0,
            "label": 52,
            "color": "orange",
            "type": "rectangle",
            "below": []
        },
        {
            "id": 1,
            "label": 64,
            "color": "green",
            "type": "circle",
            "below": [
                0
            ]
        },
        {
            "id": 2,
            "label": 61,
            "color": "red",
            "type": "triangle",
            "below": []
        },
        {
            "id": 3,
            "label": 42,
            "color": "blue",
            "type": "rectangle",
            "below": []
        },
        {
            "id": 4,
            "label": 58,
            "color": "gray",
            "type": "rectangle",
            "below": [
                2,
                3
            ]
        },
        {
            "id": 5,
            "label": 0,
            "color": "yellow",
            "type": "rectangle",
            "below": [
                1,
                3
            ]
        }
    ],
    "bg": null,
    "labels": [
        52,
        64,
        61,
        42,
        58,
        0
    ]
}