{
    "shapes": [
        {
            "id": 0,
            "label": 71,
            "color": "purple",
            "type": "triangle",
            "below": []
        },
        {
            "id": 1,
            "label": 54,
            "color": "orange",
            "type": "triangle",
            "below": []
        },
        {
            "id": 2,
            "label": 44,
            "color": "red",
            "type": "triangle",
            "below": []
        },
        {
            "id": 3,
            "label": 9,
            "color": "brown",
            "type": "rectangle",
            "below": [
                0
            ]
        },
        {
            "id": 4,
            "label": 70,
            "color": "magenta",
            "type": "circle",
            "below": [
                1,
                2
            ]
        },
        {
            "id": 5,
            "label": 46,
            "color": "green",
            "type": "circle",
            "below": [
                1
            ]
        },
        {
            "id": 6,
            "label": 40,
            "color": "blue",
            "type": "circle",
            "below": [
                0,
                3,
                5
            ]
        }
    ],
    "bg": null,
    "labels": [
        71,
        54,
        44,
        9,
        70,
        46,
        40
    ]
}