{
    "shapes": [
        {
            "id": 0,
            "label": 11,
            "color": "purple",
            "type": "circle",
            "below": []
        },
        {
            "id": 1,
            "label": 4,
            "color": "green",
            "type": "circle",
            "below": [
                0
            ]
        },
        {
            "id": 2,
            "label": 88,
            "color": "red",
            "type": "rectangle",
            "below": [
                0
            ]
        },
        {
            "id": 3,
            "label": 36,
            "color": "yellow",
            "type": "circle",
            "below": [
                1
            ]
        }
    ],
    "bg": null,
    "labels": [
        11,
        4,
        88,
        36
    ]
}