{
    "shapes": [
        {
            "id": 0,
            "label": 54,
            "color": "orange",
            "type": "triangle",
            "below": []
        },
        {
            "id": 1,
            "label": 46,
            "color": "magenta",
            "type": "triangle",
            "below": []
        },
        {
            "id": 2,
            "label": 30,
            "color": "brown",
            "type": "circle",
            "below": [
                0
            ]
        },
        {
            "id": 3,
            "label": 20,
            "color": "red",
            "type": "circle",
            "below": [
                2
            ]
        },
        {
            "id": 4,
            "label": 28,
            "color": "cyan",
            "type": "rectangle",
            "below": [
                1
            ]
        },
        {
            "id": 5,
            "label": 56,
            "color": "green",
            "type": "triangle",
            "below": [
                3,
                4
            ]
        },
        {
            "id": 6,
            "label": 33,
            "color": "gray",
            "type": "triangle",
            "below": [
                1
            ]
        }
    ],
    "bg": null,
    "labels": [
        54,
        46,
        30,
        20,
        28,
        56,
        33
    ]
}