{
    "shapes": [
        {
            "id": 0,
            "label": 67,
            "color": "yellow",
            "type": "rectangle",
            "below": []
        },
        {
            "id": 1,
            "label": 9,
            "color": "cyan",
            "type": "triangle",
            "below": [
                0
            ]
        },
        {
            "id": 2,
            "label": 18,
            "color": "blue",
            "type": "rectangle",
            "below": []
        },
        {
            "id": 3,
            "label": 69,
            "color": "orange",
            "type": "rectangle",
            "below": [
                1
            ]
        },
        {
            "id": 4,
            "label": 49,
            "color": "brown",
            "type": "circle",
            "below": [
                0,
                2
            ]
        },
        {
            "id": 5,
            "label": 71,
            "color": "red",
            "type": "circle",
            "below": [
                2,
                4
            ]
        },
        {
            "id": 6,
            "label": 22,
            "color": "purple",
            "type": "triangle",
            "below": [
                2,
                3,
                4
            ]
        }
    ],
    "bg": null,
    "labels": [
        67,
        9,
        18,
        69,
        49,
        71,
        22
    ]
}