{
    "shapes": [
        {
            "id": 0,
            "label": 9,
            "color": "magenta",
            "type": "triangle",
            "below": []
        },
        {
            "id": 1,
            "label": 50,
            "color": "orange",
            "type": "triangle",
            "below": [
                0
            ]
        },
        {
            "id": 2,
            "label": 88,
            "color": "green",
            "type": "circle",
            "below": [
                1
            ]
        },
        {
            "id": 3,
            "label": 34,
            "color": "gray",
            "type": "rectangle",
            "below": []
        },
        {
            "id": 4,
            "label": 28,
            "color": "cyan",
            "type": "rectangle",
            "below": [
                2
            ]
        },
        {
            "id": 5,
            "label": 61,
            "color": "purple",
            "type": "rectangle",
            "below": [
                3,
                4
            ]
        }
    ],
    "bg": null,
    "labels": [
        9,
        50,
        88,
        34,
        28,
        61
    ]
}