{
    "shapes": [
        {
            "id": 0,
            "label": 68,
            "color": "purple",
            "type": "rectangle",
            "below": []
        },
        {
            "id": 1,
            "label": 23,
            "color": "magenta",
            "type": "triangle",
            "below": [
                0
            ]
        },
        {
            "id": 2,
            "label": 50,
            "color": "brown",
            "type": "circle",
            "below": [
                0
            ]
        }
    ],
    "bg": null,
    "labels": [
        68,
        23,
        50
    ]
}