{
    "shapes": [
        {
            "id": 0,
            "label": 3,
            "color": "cyan",
            "type": "triangle",
            "below": []
        },
        {
            "id": 1,
            "label": 95,
            "color": "orange",
            "type": "triangle",
            "below": [
                0
            ]
        },
        {
            "id": 2,
            "label": 75,
            "color": "red",
            "type": "rectangle",
            "below": [
                0
            ]
        },
        {
            "id": 3,
            "label": 17,
            "color": "blue",
            "type": "triangle",
            "below": [
                0,
                1
            ]
        },
        {
            "id": 4,
            "label": 56,
            "color": "gray",
            "type": "triangle",
            "below": [
                3
            ]
        }
    ],
    "bg": null,
    "labels": [
        3,
        95,
        75,
        17,
        56
    ]
}