{
    "shapes": [
        {
            "id": 0,
            "label": 41,
            "color": "red",
            "type": "circle",
            "below": []
        },
        {
            "id": 1,
            "label": 53,
            "color": "cyan",
            "type": "circle",
            "below": [
                0
            ]
        },
        {
            "id": 2,
            "label": 77,
            "color": "green",
            "type": "rectangle",
            "below": [
                0
            ]
        }
    ],
    "bg": null,
    "labels": [
        41,
        53,
        77
    ]
}