{
    "shapes": [
        {
            "id": 0,
            "label": 32,
            "color": "gray",
            "type": "circle",
            "below": []
        },
        {
            "id": 1,
            "label": 14,
            "color": "cyan",
            "type": "rectangle",
            "below": [
                0
            ]
        },
        {
            "id": 2,
            "label": 20,
            "color": "blue",
            "type": "rectangle",
            "below": [
                1
            ]
        },
        {
            "id": 3,
            "label": 22,
            "color": "purple",
            "type": "rectangle",
            "below": []
        },
        {
            "id": 4,
            "label": 81,
            "color": "brown",
            "type": "circle",
            "below": [
                0,
                3
            ]
        }
    ],
    "bg": null,
    "labels": [
        32,
        14,
        20,
        22,
        81
    ]
}