{
    "shapes": [
        {
            "id": 0,
            "label": 23,
            "color": "yellow",
            "type": "triangle",
            "below": []
        },
        {
            "id": 1,
            "label": 80,
            "color": "brown",
            "type": "circle",
            "below": [
                0
            ]
        },
        {
            "id": 2,
            "label": 83,
            "color": "blue",
            "type": "circle",
            "below": []
        },
        {
            "id": 3,
            "label": 95,
            "color": "green",
            "type": "triangle",
            "below": []
        },
        {
            "id": 4,
            "label": 67,
            "color": "magenta",
            "type": "circle",
            "below": [
                1,
                2
            ]
        },
        {
            "id": 5,
            "label": 86,
            "color": "gray",
            "type": "circle",
            "below": [
                0,
                1,
                3
            ]
        }
    ],
    "bg": null,
    "labels": [
        23,
        80,
        83,
        95,
        67,
        86
    ]
}