{
    "shapes": [
        {
            "id": 0,
            "label": 0,
            "color": "magenta",
            "type": "rectangle",
            "below": []
        },
        {
            "id": 1,
            "label": 54,
            "color": "orange",
            "type": "triangle",
            "below": [
                0
            ]
        },
        {
            "id": 2,
            "label": 86,
            "color": "green",
            "type": "rectangle",
            "below": []
        },
        {
            "id": 3,
            "label": 6,
            "color": "gray",
            "type": "circle",
            "below": [
                2
            ]
        },
        {
            "id": 4,
            "label": 73,
            "color": "red",
            "type": "rectangle",
            "below": [
                1,
                3
            ]
        },
        {
            "id": 5,
            "label": 92,
            "color": "blue",
            "type": "rectangle",
            "below": [
                3,
                4
            ]
        }
    ],
    "bg": null,
    "labels": [
        0,
        54,
        86,
        6,
        73,
        92
    ]
}