{
    "shapes": [
        {
            "id": 0,
            "label": 45,
            "color": "magenta",
            "type": "triangle",
            "below": []
        },
        {
            "id": 1,
            "label": 32,
            "color": "brown",
            "type": "triangle",
            "below": []
        },
        {
            "id": 2,
            "label": 68,
            "color": "cyan",
            "type": "triangle",
            "below": [
                1
            ]
        },
        {
            "id": 3,
            "label": 40,
            "color": "blue",
            "type": "circle",
            "below": [
                1
            ]
        },
        {
            "id": 4,
            "label": 67,
            "color": "green",
            "type": "rectangle",
            "below": [
                0,
                2
            ]
        }
    ],
    "bg": null,
    "labels": [
        45,
        32,
        68,
        40,
        67
    ]
}