{
    "shapes": [
        {
            "id": 0,
            "label": 84,
            "color": "gray",
            "type": "triangle",
            "below": []
        },
        {
            "id": 1,
            "label": 59,
            "color": "blue",
            "type": "triangle",
            "below": []
        },
        {
            "id": 2,
            "label": 95,
            "color": "brown",
            "type": "triangle",
            "below": [
                1
            ]
        },
        {
            "id": 3,
            "label": 17,
            "color": "purple",
            "type": "rectangle",
            "below": [
                1,
                2
            ]
        },
        {
            "id": 4,
            "label": 62,
            "color": "magenta",
            "type": "circle",
            "below": [
                0,
                3
            ]
        }
    ],
    "bg": null,
    "labels": [
        84,
        59,
        95,
        17,
        62
    ]
}