{
    "shapes": [
        {
            "id": 0,
            "label": 50,
            "color": "brown",
            "type": "circle",
            "below": []
        },
        {
            "id": 1,
            "label": 45,
            "color": "cyan",
            "type": "circle",
            "below": [
                0
            ]
        },
        {
            "id": 2,
            "label": 99,
            "color": "orange",
            "type": "triangle",
            "below": []
        },
        {
            "id": 3,
            "label": 76,
            "color": "red",
            "type": "circle",
            "below": [
                2
            ]
        },
        {
            "id": 4,
            "label": 39,
            "color": "gray",
            "type": "triangle",
            "below": [
                1,
                2
            ]
        },
        {
            "id": 5,
            "label": 13,
            "color": "yellow",
            "type": "rectangle",
            "below": [
                3
            ]
        }
    ],
    "bg": null,
    "labels": [
        50,
        45,
        99,
        76,
        39,
        13
    ]
}