{
    "shapes": [
        {
            "id": 0,
            "label": 70,
            "color": "orange",
            "type": "triangle",
            "below": []
        },
        {
            "id": 1,
            "label": 95,
            "color": "cyan",
            "type": "triangle",
            "below": [
                0
            ]
        },
        {
            "id": 2,
            "label": 6,
            "color": "green",
            "type": "triangle",
            "below": [
                0
            ]
        }
    ],
    "bg": null,
    "labels": [
        70,
        95,
        6
    ]
}