{
    "shapes": [
        {
            "id": 0,
            "label": 60,
            "color": "magenta",
            "type": "circle",
            "below": []
        },
        {
            "id": 1,
            "label": 5,
            "color": "purple",
            "type": "circle",
            "below": [
                0
            ]
        },
        {
            "id": 2,
            "label": 42,
            "color": "cyan",
            "type": "rectangle",
            "below": [
                1
            ]
        }
    ],
    "bg": null,
    "labels": [
        60,
        5,
        42
    ]
}