{
    "shapes": [
        {
            "id": 0,
            "label": 20,
            "color": "red",
            "type": "circle",
            "below": []
        },
        {
            "id": 1,
            "label": 39,
            "color": "green",
            "type": "triangle",
            "below": []
        },
        {
            "id": 2,
            "label": 69,
            "color": "blue",
            "type": "circle",
            "below": [
                0
            ]
        },
        {
            "id": 3,
            "label": 24,
            "color": "brown",
            "type": "triangle",
            "below": [
                1,
                2
            ]
        }
    ],
    "bg": null,
    "labels": [
        20,
        39,
        69,
        24
    ]
}