{
    "shapes": [
        {
            "id": 0,
            "label": 58,
            "color": "gray",
            "type": "rectangle",
            "below": []
        },
        {
            "id": 1,
            "label": 68,
            "color": "purple",
            "type": "rectangle",
            "below": [
                0
            ]
        },
        {
            "id": 2,
            "label": 48,
            "color": "yellow",
            "type": "rectangle",
            "below": [
                0,
                1
            ]
        },
        {
            "id": 3,
            "label": 12,
            "color": "brown",
            "type": "circle",
            "below": [
                0,
                1
            ]
        },
        {
            "id": 4,
            "label": 50,
            "color": "green",
            "type": "rectangle",
            "below": [
                3
            ]
        }
    ],
    "bg": null,
    "labels": [
        58,
        68,
        48,
        12,
        50
    ]
}