{
    "shapes": [
        {
            "id": 0,
            "label": 3,
            "color": "magenta",
            "type": "circle",
            "below": []
        },
        {
            "id": 1,
            "label": 41,
            "color": "cyan",
            "type": "rectangle",
            "below": []
        },
        {
            "id": 2,
            "label": 71,
            "color": "red",
            "type": "triangle",
            "below": []
        },
        {
            "id": 3,
            "label": 38,
            "color": "blue",
            "type": "triangle",
            "below": [
                1
            ]
        },
        {
            "id": 4,
            "label": 98,
            "color": "orange",
            "type": "circle",
            "below": [
                2,
                3
            ]
        },
        {
            "id": 5,
            "label": 31,
            "color": "brown",
            "type": "circle",
            "below": [
                1
            ]
        },
        {
            "id": 6,
            "label": 70,
            "color": "purple",
            "type": "circle",
            "below": [
                0,
                5
            ]
        }
    ],
    "bg": null,
    "labels": [
        3,
        41,
        71,
        38,
        98,
        31,
        70
    ]
}