{
    "shapes": [
        {
            "id": 0,
            "label": 23,
            "color": "brown",
            "type": "triangle",
            "below": []
        },
        {
            "id": 1,
            "label": 61,
            "color": "green",
            "type": "rectangle",
            "below": [
                0
            ]
        },
        {
            "id": 2,
            "label": 69,
            "color": "cyan",
            "type": "circle",
            "below": [
                0
            ]
        }
    ],
    "bg": null,
    "labels": [
        23,
        61,
        69
    ]
}