{
    "shapes": [
        {
            "id": 0,
            "label": 29,
            "color": "blue",
            "type": "triangle",
            "below": []
        },
        {
            "id": 1,
            "label": 47,
            "color": "red",
            "type": "triangle",
            "below": [
                0
            ]
        },
        {
            "id": 2,
            "label": 37,
            "color": "green",
            "type": "rectangle",
            "below": [
                0
            ]
        },
        {
            "id": 3,
            "label": 57,
            "color": "brown",
            "type": "triangle",
            "below": [
                2
            ]
        }
    ],
    "bg": null,
    "labels": [
        29,
        47,
        37,
        57
    ]
}