{
    "shapes": [
        {
            "id": 0,
            "label": 10,
            "color": "yellow",
            "type": "circle",
            "below": []
        },
        {
            "id": 1,
            "label": 35,
            "color": "orange",
            "type": "triangle",
            "below": [
                0
            ]
        },
        {
            "id": 2,
            "label": 64,
            "color": "red",
            "type": "circle",
            "below": [
                0
            ]
        }
    ],
    "bg": null,
    "labels": [
        10,
        35,
        64
    ]
}