{
    "shapes": [
        {
            "id": 0,
            "label": 48,
            "color": "blue",
            "type": "circle",
            "below": []
        },
        {
            "id": 1,
            "label": 94,
            "color": "yellow",
            "type": "rectangle",
            "below": [
                0
            ]
        },
        {
            "id": 2,
            "label": 93,
            "color": "purple",
            "type": "circle",
            "below": []
        },
        {
            "id": 3,
            "label": 5,
            "color": "magenta",
            "type": "rectangle",
            "below": [
                2
            ]
        },
        {
            "id": 4,
            "label": 3,
            "color": "green",
            "type": "rectangle",
            "below": [
                0,
                1,
                3
            ]
        },
        {
            "id": 5,
            "label": 91,
            "color": "cyan",
            "type": "triangle",
            "below": [
                1
            ]
        }
    ],
    "bg": null,
    "labels": [
        48,
        94,
        93,
        5,
        3,
        91
    ]
}