{
    "shapes": [
        {
            "id": 0,
            "label": 44,
            "color": "orange",
            "type": "triangle",
            "below": []
        },
        {
            "id": 1,
            "label": 42,
            "color": "blue",
            "type": "circle",
            "below": []
        },
        {
            "id": 2,
            "label": 38,
            "color": "green",
            "type": "triangle",
            "below": [
                1
            ]
        },
        {
            "id": 3,
            "label": 13,
            "color": "red",
            "type": "rectangle",
            "below": [
                0,
                1
            ]
        }
    ],
    "bg": null,
    "labels": [
        44,
        42,
        38,
        13
    ]
}