{
    "shapes": [
        {
            "id": 0,
            "label": 33,
            "color": "gray",
            "type": "circle",
            "below": []
        },
        {
            "id": 1,
            "label": 25,
            "color": "magenta",
            "type": "triangle",
            "below": [
                0
            ]
        },
        {
            "id": 2,
            "label": 88,
            "color": "cyan",
            "type": "circle",
            "below": [
                0,
                1
            ]
        },
        {
            "id": 3,
            "label": 15,
            "color": "yellow",
            "type": "triangle",
            "below": [
                0,
                1
            ]
        },
        {
            "id": 4,
            "label": 3,
            "color": "blue",
            "type": "triangle",
            "below": [
                3
            ]
        },
        {
            "id": 5,
            "label": 24,
            "color": "purple",
            "type": "triangle",
            "below": [
                0,
                1,
                2
            ]
        },
        {
            "id": 6,
            "label": 30,
            "color": "orange",
            "type": "triangle",
            "below": [
                2,
                5
            ]
        }
    ],
    "bg": null,
    "labels": [
        33,
        25,
        88,
        15,
        3,
        24,
        30
    ]
}