{
    "shapes": [
        {
            "id": 0,
            "label": 42,
            "color": "orange",
            "type": "circle",
            "below": []
        },
        {
            "id": 1,
            "label": 15,
            "color": "red",
            "type": "rectangle",
            "below": []
        },
        {
            "id": 2,
            "label": 45,
            "color": "gray",
            "type": "circle",
            "below": [
                1
            ]
        },
        {
            "id": 3,
            "label": 63,
            "color": "cyan",
            "type": "rectangle",
            "below": [
                0,
                1
            ]
        },
        {
            "id": 4,
            "label": 50,
            "color": "yellow",
            "type": "rectangle",
            "below": [
                2,
                3
            ]
        },
        {
            "id": 5,
            "label": 18,
            "color": "magenta",
            "type": "rectangle",
            "below": [
                0,
                3,
                4
            ]
        }
    ],
    "bg": null,
    "labels": [
        42,
        15,
        45,
        63,
        50,
        18
    ]
}