{
    "shapes": [
        {
            "id": 0,
            "label": 58,
            "color": "orange",
            "type": "rectangle",
            "below": []
        },
        {
            "id": 1,
            "label": 50,
            "color": "yellow",
            "type": "triangle",
            "below": [
                0
            ]
        },
        {
            "id": 2,
            "label": 44,
            "color": "purple",
            "type": "circle",
            "below": [
                0,
                1
            ]
        },
        {
            "id": 3,
            "label": 36,
            "color": "green",
            "type": "circle",
            "below": [
                0,
                1,
                2
            ]
        }
    ],
    "bg": null,
    "labels": [
        58,
        50,
        44,
        36
    ]
}