{
    "shapes": [
        {
            "id": 0,
            "label": 80,
            "color": "blue",
            "type": "circle",
            "below": []
        },
        {
            "id": 1,
            "label": 17,
            "color": "brown",
            "type": "circle",
            "below": []
        },
        {
            "id": 2,
            "label": 78,
            "color": "purple",
            "type": "triangle",
            "below": [
                1
            ]
        },
        {
            "id": 3,
            "label": 85,
            "color": "cyan",
            "type": "triangle",
            "below": [
                0,
                2
            ]
        },
        {
            "id": 4,
            "label": 47,
            "color": "yellow",
            "type": "triangle",
            "below": [
                0
            ]
        }
    ],
    "bg": null,
    "labels": [
        80,
        17,
        78,
        85,
        47
    ]
}