{
    "shapes": [
        {
            "id": 0,
            "label": 42,
            "color": "gray",
            "type": "triangle",
            "below": []
        },
        {
            "id": 1,
            "label": 84,
            "color": "purple",
            "type": "rectangle",
            "below": [
                0
            ]
        },
        {
            "id": 2,
            "label": 88,
            "color": "orange",
            "type": "rectangle",
            "below": []
        },
        {
            "id": 3,
            "label": 47,
            "color": "magenta",
            "type": "circle",
            "below": [
                0,
                1,
                2
            ]
        },
        {
            "id": 4,
            "label": 11,
            "color": "cyan",
            "type": "rectangle",
            "below": [
                2
            ]
        }
    ],
    "bg": null,
    "labels": [
        42,
        84,
        88,
        47,
        11
    ]
}