{
    "shapes": [
        {
            "id": 0,
            "label": 12,
            "color": "gray",
            "type": "circle",
            "below": []
        },
        {
            "id": 1,
            "label": 22,
            "color": "blue",
            "type": "circle",
            "below": []
        },
        {
            "id": 2,
            "label": 88,
            "color": "cyan",
            "type": "rectangle",
            "below": []
        },
        {
            "id": 3,
            "label": 55,
            "color": "orange",
            "type": "circle",
            "below": [
                0,
                1
            ]
        },
        {
            "id": 4,
            "label": 19,
            "color": "red",
            "type": "rectangle",
            "below": [
                1,
                3
            ]
        },
        {
            "id": 5,
            "label": 45,
            "color": "yellow",
            "type": "triangle",
            "below": [
                2,
                4
            ]
        }
    ],
    "bg": null,
    "labels": [
        12,
        22,
        88,
        55,
        19,
        45
    ]
}