{
    "shapes": [
        {
            "id": 0,
            "label": 70,
            "color": "purple",
            "type": "circle",
            "below": []
        },
        {
            "id": 1,
            "label": 60,
            "color": "yellow",
            "type": "circle",
            "below": [
                0
            ]
        },
        {
            "id": 2,
            "label": 91,
            "color": "magenta",
            "type": "circle",
            "below": [
                0
            ]
        },
        {
            "id": 3,
            "label": 61,
            "color": "brown",
            "type": "triangle",
            "below": [
                1
            ]
        }
    ],
    "bg": null,
    "labels": [
        70,
        60,
        91,
        61
    ]
}