{
    "shapes": [
        {
            "id": 0,
            "label": 89,
            "color": "purple",
            "type": "rectangle",
            "below": []
        },
        {
            "id": 1,
            "label": 76,
            "color": "brown",
            "type": "triangle",
            "below": [
                0
            ]
        },
        {
            "id": 2,
            "label": 79,
            "color": "yellow",
            "type": "triangle",
            "below": [
                1
            ]
        },
        {
            "id": 3,
            "label": 85,
            "color": "magenta",
            "type": "circle",
            "below": [
                2
            ]
        },
        {
            "id": 4,
            "label": 43,
            "color": "orange",
            "type": "rectangle",
            "below": [
                0
            ]
        }
    ],
    "bg": null,
    "labels": [
        89,
        76,
        79,
        85,
        43
    ]
}