{
    "shapes": [
        {
            "id": 0,
            "label": 71,
            "color": "green",
            "type": "rectangle",
            "below": []
        },
        {
            "id": 1,
            "label": 8,
            "color": "magenta",
            "type": "triangle",
            "below": []
        },
        {
            "id": 2,
            "label": 5,
            "color": "purple",
            "type": "triangle",
            "below": [
                0
            ]
        },
        {
            "id": 3,
            "label": 1,
            "color": "yellow",
            "type": "triangle",
            "below": [
                0
            ]
        },
        {
            "id": 4,
            "label": 19,
            "color": "cyan",
            "type": "circle",
            "below": [
                1,
                3
            ]
        }
    ],
    "bg": null,
    "labels": [
        71,
        8,
        5,
        1,
        19
    ]
}