{
    "shapes": [
        {
            "id": 0,
            "label": 65,
            "color": "red",
            "type": "triangle",
            "below": []
        },
        {
            "id": 1,
            "label": 99,
            "color": "brown",
            "type": "rectangle",
            "below": []
        },
        {
            "id": 2,
            "label": 46,
            "color": "magenta",
            "type": "rectangle",
            "below": [
                0
            ]
        },
        {
            "id": 3,
            "label": 56,
            "color": "gray",
            "type": "circle",
            "below": [
                1
            ]
        },
        {
            "id": 4,
            "label": 51,
            "color": "yellow",
            "type": "triangle",
            "below": [
                2
            ]
        },
        {
            "id": 5,
            "label": 49,
            "color": "purple",
            "type": "triangle",
            "below": [
                3,
                4
            ]
        },
        {
            "id": 6,
            "label": 81,
            "color": "orange",
            "type": "triangle",
            "below": [
                1
            ]
        }
    ],
    "bg": null,
    "labels": [
        65,
        99,
        46,
        56,
        51,
        49,
        81
    ]
}