{
    "shapes": [
        {
            "id": 0,
            "label": 12,
            "color": "green",
            "type": "circle",
            "below": []
        },
        {
            "id": 1,
            "label": 23,
            "color": "purple",
            "type": "circle",
            "below": []
        },
        {
            "id": 2,
            "label": 97,
            "color": "cyan",
            "type": "circle",
            "below": [
                0,
                1
            ]
        },
        {
            "id": 3,
            "label": 17,
            "color": "yellow",
            "type": "triangle",
            "below": [
                0,
                2
            ]
        },
        {
            "id": 4,
            "label": 36,
            "color": "gray",
            "type": "triangle",
            "below": [
                0
            ]
        }
    ],
    "bg": null,
    "labels": [
        12,
        23,
        97,
        17,
        36
    ]
}