{
    "shapes": [
        {
            "id": 0,
            "label": 64,
            "color": "gray",
            "type": "triangle",
            "below": []
        },
        {
            "id": 1,
            "label": 13,
            "color": "brown",
            "type": "rectangle",
            "below": [
                0
            ]
        },
        {
            "id": 2,
            "label": 49,
            "color": "cyan",
            "type": "triangle",
            "below": []
        },
        {
            "id": 3,
            "label": 28,
            "color": "yellow",
            "type": "rectangle",
            "below": [
                2
            ]
        },
        {
            "id": 4,
            "label": 24,
            "color": "magenta",
            "type": "rectangle",
            "below": [
                0,
                2
            ]
        }
    ],
    "bg": null,
    "labels": [
        64,
        13,
        49,
        28,
        24
    ]
}