{
    "shapes": [
        {
            "id": 0,
            "label": 99,
            "color": "orange",
            "type": "circle",
            "below": []
        },
        {
            "id": 1,
            "label": 28,
            "color": "magenta",
            "type": "circle",
            "below": [
                0
            ]
        },
        {
            "id": 2,
            "label": 6,
            "color": "cyan",
            "type": "rectangle",
            "below": [
                0
            ]
        },
        {
            "id": 3,
            "label": 76,
            "color": "blue",
            "type": "triangle",
            "below": [
                2
            ]
        },
        {
            "id": 4,
            "label": 97,
            "color": "purple",
            "type": "rectangle",
            "below": [
                1
            ]
        },
        {
            "id": 5,
            "label": 35,
            "color": "yellow",
            "type": "triangle",
            "below": [
                4
            ]
        }
    ],
    "bg": null,
    "labels": [
        99,
        28,
        6,
        76,
        97,
        35
    ]
}