{
    "shapes": [
        {
            "id": 0,
            "label": 67,
            "color": "brown",
            "type": "circle",
            "below": []
        },
        {
            "id": 1,
            "label": 79,
            "color": "cyan",
            "type": "triangle",
            "below": []
        },
        {
            "id": 2,
            "label": 1,
            "color": "yellow",
            "type": "rectangle",
            "below": [
                0
            ]
        },
        {
            "id": 3,
            "label": 65,
            "color": "blue",
            "type": "rectangle",
            "below": []
        },
        {
            "id": 4,
            "label": 70,
            "color": "green",
            "type": "circle",
            "below": [
                1,
                3
            ]
        },
        {
            "id": 5,
            "label": 49,
            "color": "purple",
            "type": "rectangle",
            "below": [
                0,
                1,
                4
            ]
        }
    ],
    "bg": null,
    "labels": [
        67,
        79,
        1,
        65,
        70,
        49
    ]
}