{
    "shapes": [
        {
            "id": 0,
            "label": 29,
            "color": "green",
            "type": "circle",
            "below": []
        },
        {
            "id": 1,
            "label": 75,
            "color": "blue",
            "type": "triangle",
            "below": []
        },
        {
            "id": 2,
            "label": 47,
            "color": "purple",
            "type": "rectangle",
            "below": [
                0,
                1
            ]
        },
        {
            "id": 3,
            "label": 16,
            "color": "yellow",
            "type": "triangle",
            "below": [
                1
            ]
        },
        {
            "id": 4,
            "label": 43,
            "color": "cyan",
            "type": "triangle",
            "below": [
                0
            ]
        },
        {
            "id": 5,
            "label": 11,
            "color": "red",
            "type": "triangle",
            "below": [
                3
            ]
        },
        {
            "id": 6,
            "label": 89,
            "color": "orange",
            "type": "triangle",
            "below": [
                0,
                1,
                2,
                3
            ]
        }
    ],
    "bg": null,
    "labels": [
        29,
        75,
        47,
        16,
        43,
        11,
        89
    ]
}