{
    "shapes": [
        {
            "id": 0,
            "label": 84,
            "color": "blue",
            "type": "rectangle",
            "below": []
        },
        {
            "id": 1,
            "label": 96,
            "color": "red",
            "type": "circle",
            "below": [
                0
            ]
        },
        {
            "id": 2,
            "label": 58,
            "color": "magenta",
            "type": "triangle",
            "below": [
                1
            ]
        },
        {
            "id": 3,
            "label": 83,
            "color": "cyan",
            "type": "rectangle",
            "below": [
                0
            ]
        },
        {
            "id": 4,
            "label": 30,
            "color": "orange",
            "type": "triangle",
            "below": [
                1,
                2
            ]
        },
        {
            "id": 5,
            "label": 75,
            "color": "gray",
            "type": "circle",
            "below": [
                0,
                3
            ]
        }
    ],
    "bg": null,
    "labels": [
        84,
        96,
        58,
        83,
        30,
        75
    ]
}