{
    "shapes": [
        {
            "id": 0,
            "label": 26,
            "color": "magenta",
            "type": "triangle",
            "below": []
        },
        {
            "id": 1,
            "label": 39,
            "color": "red",
            "type": "circle",
            "below": [
                0
            ]
        },
        {
            "id": 2,
            "label": 32,
            "color": "cyan",
            "type": "rectangle",
            "below": [
                0
            ]
        }
    ],
    "bg": null,
    "labels": [
        26,
        39,
        32
    ]
}