{
    "shapes": [
        {
            "id": 0,
            "label": 85,
            "color": "gray",
            "type": "triangle",
            "below": []
        },
        {
            "id": 1,
            "label": 25,
            "color": "orange",
            "type": "rectangle",
            "below": [
                0
            ]
        },
        {
            "id": 2,
            "label": 55,
            "color": "green",
            "type": "triangle",
            "below": [
                0,
                1
            ]
        },
        {
            "id": 3,
            "label": 63,
            "color": "purple",
            "type": "triangle",
            "below": [
                1,
                2
            ]
        }
    ],
    "bg": null,
    "labels": [
        85,
        25,
        55,
        63
    ]
}