{
    "shapes": [
        {
            "id": 0,
            "label": 8,
            "color": "green",
            "type": "circle",
            "below": []
        },
        {
            "id": 1,
            "label": 96,
            "color": "purple",
            "type": "triangle",
            "below": [
                0
            ]
        },
        {
            "id": 2,
            "label": 55,
            "color": "gray",
            "type": "circle",
            "below": [
                1
            ]
        },
        {
            "id": 3,
            "label": 14,
            "color": "magenta",
            "type": "rectangle",
            "below": [
                0,
                1
            ]
        }
    ],
    "bg": null,
    "labels": [
        8,
        96,
        55,
        14
    ]
}