{
    "shapes": [
        {
            "id": 0,
            "label": 86,
            "color": "purple",
            "type": "rectangle",
            "below": []
        },
        {
            "id": 1,
            "label": 7,
            "color": "yellow",
            "type": "circle",
            "below": [
                0
            ]
        },
        {
            "id": 2,
            "label": 64,
            "color": "orange",
            "type": "triangle",
            "below": [
                1
            ]
        }
    ],
    "bg": null,
    "labels": [
        86,
        7,
        64
    ]
}