{
    "shapes": [
        {
            "id": 0,
            "label": 10,
            "color": "cyan",
            "type": "circle",
            "below": []
        },
        {
            "id": 1,
            "label": 65,
            "color": "green",
            "type": "rectangle",
            "below": []
        },
        {
            "id": 2,
            "label": 2,
            "color": "blue",
            "type": "rectangle",
            "below": []
        },
        {
            "id": 3,
            "label": 37,
            "color": "red",
            "type": "rectangle",
            "below": [
                1,
                2
            ]
        },
        {
            "id": 4,
            "label": 74,
            "color": "gray",
            "type": "circle",
            "below": [
                0
            ]
        },
        {
            "id": 5,
            "label": 72,
            "color": "yellow",
            "type": "triangle",
            "below": [
                2,
                4
            ]
        }
    ],
    "bg": null,
    "labels": [
        10,
        65,
        2,
        37,
        74,
        72
    ]
}