{
    "shapes": [
        {
            "id": 0,
            "label": 53,
            "color": "yellow",
            "type": "rectangle",
            "below": []
        },
        {
            "id": 1,
            "label": 69,
            "color": "orange",
            "type": "rectangle",
            "below": []
        },
        {
            "id": 2,
            "label": 19,
            "color": "brown",
            "type": "rectangle",
            "below": [
                0
            ]
        },
        {
            "id": 3,
            "label": 73,
            "color": "red",
            "type": "triangle",
            "below": [
                0,
                2
            ]
        },
        {
            "id": 4,
            "label": 46,
            "color": "cyan",
            "type": "rectangle",
            "below": [
                0,
                1,
                3
            ]
        },
        {
            "id": 5,
            "label": 79,
            "color": "magenta",
            "type": "circle",
            "below": [
                1
            ]
        },
        {
            "id": 6,
            "label": 64,
            "color": "gray",
            "type": "rectangle",
            "below": [
                1,
                5
            ]
        }
    ],
    "bg": null,
    "labels": [
        53,
        69,
        19,
        73,
        46,
        79,
        64
    ]
}