{
    "shapes": [
        {
            "id": 0,
            "label": 8,
            "color": "brown",
            "type": "rectangle",
            "below": []
        },
        {
            "id": 1,
            "label": 63,
            "color": "green",
            "type": "circle",
            "below": [
                0
            ]
        },
        {
            "id": 2,
            "label": 96,
            "color": "orange",
            "type": "rectangle",
            "below": [
                1
            ]
        }
    ],
    "bg": null,
    "labels": [
        8,
        63,
        96
    ]
}