{
    "shapes": [
        {
            "id": 0,
            "label": 32,
            "color": "yellow",
            "type": "rectangle",
            "below": []
        },
        {
            "id": 1,
            "label": 11,
            "color": "purple",
            "type": "triangle",
            "below": []
        },
        {
            "id": 2,
            "label": 7,
            "color": "orange",
            "type": "triangle",
            "below": [
                0
            ]
        },
        {
            "id": 3,
            "label": 4,
            "color": "cyan",
            "type": "circle",
            "below": [
                0,
                2
            ]
        },
        {
            "id": 4,
            "label": 75,
            "color": "red",
            "type": "circle",
            "below": [
                2
            ]
        },
        {
            "id": 5,
            "label": 0,
            "color": "green",
            "type": "triangle",
            "below": [
                0,
                3
            ]
        },
        {
            "id": 6,
            "label": 31,
            "color": "gray",
            "type": "triangle",
            "below": [
                1,
                4
            ]
        }
    ],
    "bg": null,
    "labels": [
        32,
        11,
        7,
        4,
        75,
        0,
        31
    ]
}