{
    "shapes": [
        {
            "id": 0,
            "label": 51,
            "color": "magenta",
            "type": "rectangle",
            "below": []
        },
        {
            "id": 1,
            "label": 20,
            "color": "cyan",
            "type": "triangle",
            "below": []
        },
        {
            "id": 2,
            "label": 29,
            "color": "blue",
            "type": "rectangle",
            "below": [
                0
            ]
        },
        {
            "id": 3,
            "label": 17,
            "color": "yellow",
            "type": "circle",
            "below": [
                0,
                2
            ]
        },
        {
            "id": 4,
            "label": 88,
            "color": "orange",
            "type": "triangle",
            "below": [
                1
            ]
        },
        {
            "id": 5,
            "label": 61,
            "color": "green",
            "type": "circle",
            "below": [
                3,
                4
            ]
        }
    ],
    "bg": null,
    "labels": [
        51,
        20,
        29,
        17,
        88,
        61
    ]
}