{
    "shapes": [
        {
            "id": 0,
            "label": 28,
            "color": "magenta",
            "type": "rectangle",
            "below": []
        },
        {
            "id": 1,
            "label": 7,
            "color": "cyan",
            "type": "rectangle",
            "below": [
                0
            ]
        },
        {
            "id": 2,
            "label": 33,
            "color": "gray",
            "type": "rectangle",
            "below": [
                0
            ]
        },
        {
            "id": 3,
            "label": 39,
            "color": "green",
            "type": "circle",
            "below": [
                2
            ]
        }
    ],
    "bg": null,
    "labels": [
        28,
        7,
        33,
        39
    ]
}