{
    "shapes": [
        {
            "id": 0,
            "label": 51,
            "color": "gray",
            "type": "triangle",
            "below": []
        },
        {
            "id": 1,
            "label": 0,
            "color": "purple",
            "type": "circle",
            "below": []
        },
        {
            "id": 2,
            "label": 47,
            "color": "blue",
            "type": "rectangle",
            "below": [
                0
            ]
        },
        {
            "id": 3,
            "label": 72,
            "color": "green",
            "type": "rectangle",
            "below": [
                0,
                1
            ]
        },
        {
            "id": 4,
            "label": 15,
            "color": "magenta",
            "type": "rectangle",
            "below": [
                0,
                2
            ]
        }
    ],
    "bg": null,
    "labels": [
        51,
        0,
        47,
        72,
        15
    ]
}