{
    "shapes": [
        {
            "id": 0,
            "label": 19,
            "color": "orange",
            "type": "circle",
            "below": []
        },
        {
            "id": 1,
            "label": 63,
            "color": "cyan",
            "type": "triangle",
            "below": []
        },
        {
            "id": 2,
            "label": 92,
            "color": "red",
            "type": "circle",
            "below": [
                0,
                1
            ]
        },
        {
            "id": 3,
            "label": 0,
            "color": "yellow",
            "type": "circle",
            "below": [
                0
            ]
        },
        {
            "id": 4,
            "label": 35,
            "color": "gray",
            "type": "triangle",
            "below": [
                1
            ]
        },
        {
            "id": 5,
            "label": 24,
            "color": "blue",
            "type": "triangle",
            "below": [
                2
            ]
        },
        {
            "id": 6,
            "label": 49,
            "color": "green",
            "type": "rectangle",
            "below": [
                1,
                4,
                5
            ]
        }
    ],
    "bg": null,
    "labels": [
        19,
        63,
        92,
        0,
        35,
        24,
        49
    ]
}