{
    "shapes": [
        {
            "id": 0,
            "label": 88,
            "color": "orange",
            "type": "circle",
            "below": []
        },
        {
            "id": 1,
            "label": 96,
            "color": "green",
            "type": "circle",
            "below": []
        },
        {
            "id": 2,
            "label": 78,
            "color": "blue",
            "type": "rectangle",
            "below": [
                0,
                1
            ]
        },
        {
            "id": 3,
            "label": 20,
            "color": "red",
            "type": "circle",
            "below": [
                0,
                1,
                2
            ]
        },
        {
            "id": 4,
            "label": 79,
            "color": "cyan",
            "type": "rectangle",
            "below": []
        },
        {
            "id": 5,
            "label": 68,
            "color": "magenta",
            "type": "rectangle",
            "below": [
                4
            ]
        },
        {
            "id": 6,
            "label": 77,
            "color": "yellow",
            "type": "triangle",
            "below": [
                0,
                4
            ]
        }
    ],
    "bg": null,
    "labels": [
        88,
        96,
        78,
        20,
        79,
        68,
        77
    ]
}