{
    "shapes": [
        {
            "id": 0,
            "label": 42,
            "color": "yellow",
            "type": "triangle",
            "below": []
        },
        {
            "id": 1,
            "label": 34,
            "color": "magenta",
            "type": "triangle",
            "below": []
        },
        {
            "id": 2,
            "label": 6,
            "color": "green",
            "type": "circle",
            "below": [
                0,
                1
            ]
        }
    ],
    "bg": null,
    "labels": [
        42,
        34,
        6
    ]
}