{
    "shapes": [
        {
            "id": 0,
            "label": 43,
            "color": "gray",
            "type": "rectangle",
            "below": []
        },
        {
            "id": 1,
            "label": 32,
            "color": "red",
            "type": "rectangle",
            "below": []
        },
        {
            "id": 2,
            "label": 12,
            "color": "green",
            "type": "circle",
            "below": [
                0,
                1
            ]
        }
    ],
    "bg": null,
    "labels": [
        43,
        32,
        12
    ]
}