{
    "shapes": [
        {
            "id": 0,
            "label": 16,
            "color": "gray",
            "type": "rectangle",
            "below": []
        },
        {
            "id": 1,
            "label": 59,
            "color": "purple",
            "type": "circle",
            "below": [
                0
            ]
        },
        {
            "id": 2,
            "label": 8,
            "color": "blue",
            "type": "triangle",
            "below": [
                1
            ]
        },
        {
            "id": 3,
            "label": 23,
            "color": "brown",
            "type": "rectangle",
            "below": [
                1,
                2
            ]
        },
        {
            "id": 4,
            "label": 72,
            "color": "yellow",
            "type": "triangle",
            "below": [
                0
            ]
        },
        {
            "id": 5,
            "label": 87,
            "color": "magenta",
            "type": "rectangle",
            "below": [
                4
            ]
        }
    ],
    "bg": null,
    "labels": [
        16,
        59,
        8,
        23,
        72,
        87
    ]
}