{
    "shapes": [
        {
            "id": 0,
            "label": 12,
            "color": "magenta",
            "type": "rectangle",
            "below": []
        },
        {
            "id": 1,
            "label": 18,
            "color": "red",
            "type": "circle",
            "below": []
        },
        {
            "id": 2,
            "label": 36,
            "color": "yellow",
            "type": "rectangle",
            "below": [
                1
            ]
        },
        {
            "id": 3,
            "label": 74,
            "color": "purple",
            "type": "rectangle",
            "below": [
                0,
                2
            ]
        }
    ],
    "bg": null,
    "labels": [
        12,
        18,
        36,
        74
    ]
}