{
    "shapes": [
        {
            "id": 0,
            "label": 45,
            "color": "yellow",
            "type": "triangle",
            "below": []
        },
        {
            "id": 1,
            "label": 26,
            "color": "gray",
            "type": "circle",
            "below": [
                0
            ]
        },
        {
            "id": 2,
            "label": 5,
            "color": "green",
            "type": "triangle",
            "below": []
        },
        {
            "id": 3,
            "label": 28,
            "color": "blue",
            "type": "circle",
            "below": [
                2
            ]
        },
        {
            "id": 4,
            "label": 48,
            "color": "orange",
            "type": "triangle",
            "below": [
                0,
                1
            ]
        },
        {
            "id": 5,
            "label": 57,
            "color": "red",
            "type": "circle",
            "below": [
                1,
                4
            ]
        },
        {
            "id": 6,
            "label": 30,
            "color": "cyan",
            "type": "rectangle",
            "below": [
                0,
                2,
                3
            ]
        }
    ],
    "bg": null,
    "labels": [
        45,
        26,
        5,
        28,
        48,
        57,
        30
    ]
}