{
    "shapes": [
        {
            "id": 0,
            "label": 17,
            "color": "gray",
            "type": "triangle",
            "below": []
        },
        {
            "id": 1,
            "label": 54,
            "color": "green",
            "type": "circle",
            "below": []
        },
        {
            "id": 2,
            "label": 39,
            "color": "brown",
            "type": "rectangle",
            "below": [
                1
            ]
        },
        {
            "id": 3,
            "label": 0,
            "color": "red",
            "type": "triangle",
            "below": [
                0
            ]
        },
        {
            "id": 4,
            "label": 41,
            "color": "magenta",
            "type": "circle",
            "below": []
        },
        {
            "id": 5,
            "label": 95,
            "color": "purple",
            "type": "rectangle",
            "below": [
                3,
                4
            ]
        },
        {
            "id": 6,
            "label": 40,
            "color": "orange",
            "type": "rectangle",
            "below": [
                2,
                4
            ]
        }
    ],
    "bg": null,
    "labels": [
        17,
        54,
        39,
        0,
        41,
        95,
        40
    ]
}