{
    "shapes": [
        {
            "id": 0,
            "label": 68,
            "color": "purple",
            "type": "circle",
            "below": []
        },
        {
            "id": 1,
            "label": 66,
            "color": "magenta",
            "type": "triangle",
            "below": []
        },
        {
            "id": 2,
            "label": 44,
            "color": "yellow",
            "type": "triangle",
            "below": []
        },
        {
            "id": 3,
            "label": 10,
            "color": "green",
            "type": "triangle",
            "below": [
                1,
                2
            ]
        },
        {
            "id": 4,
            "label": 73,
            "color": "gray",
            "type": "rectangle",
            "below": [
                2
            ]
        },
        {
            "id": 5,
            "label": 41,
            "color": "red",
            "type": "rectangle",
            "below": [
                4
            ]
        },
        {
            "id": 6,
            "label": 72,
            "color": "cyan",
            "type": "triangle",
            "below": [
                0,
                5
            ]
        }
    ],
    "bg": null,
    "labels": [
        68,
        66,
        44,
        10,
        73,
        41,
        72
    ]
}