{
    "shapes": [
        {
            "id": 0,
            "label": 40,
            "color": "brown",
            "type": "rectangle",
            "below": []
        },
        {
            "id": 1,
            "label": 72,
            "color": "gray",
            "type": "circle",
            "below": []
        },
        {
            "id": 2,
            "label": 51,
            "color": "green",
            "type": "rectangle",
            "below": [
                1
            ]
        },
        {
            "id": 3,
            "label": 13,
            "color": "magenta",
            "type": "circle",
            "below": [
                1,
                2
            ]
        },
        {
            "id": 4,
            "label": 49,
            "color": "cyan",
            "type": "triangle",
            "below": [
                0
            ]
        },
        {
            "id": 5,
            "label": 99,
            "color": "yellow",
            "type": "circle",
            "below": [
                0,
                3,
                4
            ]
        },
        {
            "id": 6,
            "label": 90,
            "color": "purple",
            "type": "triangle",
            "below": [
                3,
                4,
                5
            ]
        }
    ],
    "bg": null,
    "labels": [
        40,
        72,
        51,
        13,
        49,
        99,
        90
    ]
}