{
    "shapes": [
        {
            "id": 0,
            "label": 30,
            "color": "gray",
            "type": "triangle",
            "below": []
        },
        {
            "id": 1,
            "label": 79,
            "color": "purple",
            "type": "circle",
            "below": []
        },
        {
            "id": 2,
            "label": 1,
            "color": "orange",
            "type": "triangle",
            "below": [
                0
            ]
        },
        {
            "id": 3,
            "label": 43,
            "color": "brown",
            "type": "circle",
            "below": [
                1
            ]
        },
        {
            "id": 4,
            "label": 3,
            "color": "magenta",
            "type": "triangle",
            "below": [
                0,
                2
            ]
        },
        {
            "id": 5,
            "label": 75,
            "color": "yellow",
            "type": "circle",
            "below": [
                0,
                1,
                2,
                4
            ]
        }
    ],
    "bg": null,
    "labels": [
        30,
        79,
        1,
        43,
        3,
        75
    ]
}