{
    "shapes": [
        {
            "id": 0,
            "label": 74,
            "color": "orange",
            "type": "rectangle",
            "below": []
        },
        {
            "id": 1,
            "label": 40,
            "color": "gray",
            "type": "circle",
            "below": []
        },
        {
            "id": 2,
            "label": 42,
            "color": "green",
            "type": "rectangle",
            "below": [
                1
            ]
        },
        {
            "id": 3,
            "label": 89,
            "color": "magenta",
            "type": "triangle",
            "below": []
        },
        {
            "id": 4,
            "label": 28,
            "color": "brown",
            "type": "triangle",
            "below": [
                0,
                2
            ]
        },
        {
            "id": 5,
            "label": 51,
            "color": "cyan",
            "type": "triangle",
            "below": [
                1,
                3
            ]
        },
        {
            "id": 6,
            "label": 97,
            "color": "purple",
            "type": "rectangle",
            "below": [
                1,
                2,
                4
            ]
        }
    ],
    "bg": null,
    "labels": [
        74,
        40,
        42,
        89,
        28,
        51,
        97
    ]
}