{
    "shapes": [
        {
            "id": 0,
            "label": 17,
            "color": "orange",
            "type": "rectangle",
            "below": []
        },
        {
            "id": 1,
            "label": 77,
            "color": "blue",
            "type": "rectangle",
            "below": [
                0
            ]
        },
        {
            "id": 2,
            "label": 88,
            "color": "magenta",
            "type": "circle",
            "below": []
        },
        {
            "id": 3,
            "label": 10,
            "color": "brown",
            "type": "triangle",
            "below": []
        },
        {
            "id": 4,
            "label": 23,
            "color": "gray",
            "type": "circle",
            "below": [
                3
            ]
        },
        {
            "id": 5,
            "label": 64,
            "color": "cyan",
            "type": "triangle",
            "below": [
                1,
                2
            ]
        },
        {
            "id": 6,
            "label": 85,
            "color": "purple",
            "type": "rectangle",
            "below": [
                0,
                3,
                4
            ]
        }
    ],
    "bg": null,
    "labels": [
        17,
        77,
        88,
        10,
        23,
        64,
        85
    ]
}